"","MGI.symbol","HGNC.symbol","pair"
"1","Aadat","AADAT","AADAT_Aadat"
"2","Abhd10","ABHD10","ABHD10_Abhd10"
"3","Abhd5","ABHD5","ABHD5_Abhd5"
"4","Abl1","ABL1","ABL1_Abl1"
"5","Ablim1","ABLIM1","ABLIM1_Ablim1"
"6","Acan","ACAN","ACAN_Acan"
"7","Acbd3","ACBD3","ACBD3_Acbd3"
"8","Ace","ACE","ACE_Ace"
"9","Acot13","ACOT13","ACOT13_Acot13"
"10","Actb","ACTB","ACTB_Actb"
"11","Actn4","ACTN4","ACTN4_Actn4"
"12","Actr3b","ACTR3B","ACTR3B_Actr3b"
"13","Ada","ADA","ADA_Ada"
"14","Adal","ADAL","ADAL_Adal"
"15","Adar","ADAR","ADAR_Adar"
"16","Adcy3","ADCY3","ADCY3_Adcy3"
"17","Add1","ADD1","ADD1_Add1"
"18","Adm2","ADM2","ADM2_Adm2"
"19","Adprm","ADPRM","ADPRM_Adprm"
"20","Adrb2","ADRB2","ADRB2_Adrb2"
"21","Adsl","ADSL","ADSL_Adsl"
"22","Aebp2","AEBP2","AEBP2_Aebp2"
"23","Afg3l2","AFG3L2","AFG3L2_Afg3l2"
"24","Aftph","AFTPH","AFTPH_Aftph"
"25","Aga","AGA","AGA_Aga"
"26","Agbl5","AGBL5","AGBL5_Agbl5"
"27","Agfg1","AGFG1","AGFG1_Agfg1"
"28","Agl","AGL","AGL_Agl"
"29","Ago1","AGO1","AGO1_Ago1"
"30","Agpat2","AGPAT2","AGPAT2_Agpat2"
"31","Agps","AGPS","AGPS_Agps"
"32","Ahdc1","AHDC1","AHDC1_Ahdc1"
"33","Ahnak","AHNAK","AHNAK_Ahnak"
"34","Aifm3","AIFM3","AIFM3_Aifm3"
"35","Akap1","AKAP1","AKAP1_Akap1"
"36","Akr1b3","AKR1B1","AKR1B1_Akr1b3"
"37","Akt1s1","AKT1S1","AKT1S1_Akt1s1"
"38","Akt2","AKT2","AKT2_Akt2"
"39","Alkbh5","ALKBH5","ALKBH5_Alkbh5"
"40","Amigo2","AMIGO2","AMIGO2_Amigo2"
"41","Amz2","AMZ2","AMZ2_Amz2"
"42","Ankrd40","ANKRD40","ANKRD40_Ankrd40"
"43","Ankrd50","ANKRD50","ANKRD50_Ankrd50"
"44","Anpep","ANPEP","ANPEP_Anpep"
"45","Anxa4","ANXA4","ANXA4_Anxa4"
"46","Aox1","AOX1","AOX1_Aox1"
"47","Ap3b1","AP3B1","AP3B1_Ap3b1"
"48","Apba3","APBA3","APBA3_Apba3"
"49","Apbb2","APBB2","APBB2_Apbb2"
"50","Apcdd1","APCDD1","APCDD1_Apcdd1"
"51","Aplp1","APLP1","APLP1_Aplp1"
"52","Apoc1","APOC1","APOC1_Apoc1"
"53","Apol6","APOL6","APOL6_Apol6"
"54","App","APP","APP_App"
"55","Appl1","APPL1","APPL1_Appl1"
"56","Arf4","ARF4","ARF4_Arf4"
"57","Arf6","ARF6","ARF6_Arf6"
"58","Arglu1","ARGLU1","ARGLU1_Arglu1"
"59","Arhgap23","ARHGAP23","ARHGAP23_Arhgap23"
"60","Arhgap31","ARHGAP31","ARHGAP31_Arhgap31"
"61","Arhgap32","ARHGAP32","ARHGAP32_Arhgap32"
"62","Arhgap35","ARHGAP35","ARHGAP35_Arhgap35"
"63","Arhgdia","ARHGDIA","ARHGDIA_Arhgdia"
"64","Arhgef1","ARHGEF1","ARHGEF1_Arhgef1"
"65","Arhgef10","ARHGEF10","ARHGEF10_Arhgef10"
"66","Arhgef11","ARHGEF11","ARHGEF11_Arhgef11"
"67","Arhgef15","ARHGEF15","ARHGEF15_Arhgef15"
"68","Arhgef2","ARHGEF2","ARHGEF2_Arhgef2"
"69","Arhgef40","ARHGEF40","ARHGEF40_Arhgef40"
"70","Arl2bp","ARL2BP","ARL2BP_Arl2bp"
"71","Arl4c","ARL4C","ARL4C_Arl4c"
"72","Arl6ip1","ARL6IP1","ARL6IP1_Arl6ip1"
"73","Arl6ip4","ARL6IP4","ARL6IP4_Arl6ip4"
"74","Arl8a","ARL8A","ARL8A_Arl8a"
"75","Arnt2","ARNT2","ARNT2_Arnt2"
"76","Arpc1b","ARPC1B","ARPC1B_Arpc1b"
"77","Arpc4","ARPC4","ARPC4_Arpc4"
"78","Arpc5l","ARPC5L","ARPC5L_Arpc5l"
"79","Arrdc1","ARRDC1","ARRDC1_Arrdc1"
"80","Arsk","ARSK","ARSK_Arsk"
"81","Asb6","ASB6","ASB6_Asb6"
"82","Ascc3","ASCC3","ASCC3_Ascc3"
"83","Asxl1","ASXL1","ASXL1_Asxl1"
"84","Atmin","ATMIN","ATMIN_Atmin"
"85","Atox1","ATOX1","ATOX1_Atox1"
"86","Atp11b","ATP11B","ATP11B_Atp11b"
"87","Atp13a1","ATP13A1","ATP13A1_Atp13a1"
"88","Atp1a1","ATP1A1","ATP1A1_Atp1a1"
"89","Atp2a2","ATP2A2","ATP2A2_Atp2a2"
"90","Atp6v1e2","ATP6V1E2","ATP6V1E2_Atp6v1e2"
"91","Atp8b2","ATP8B2","ATP8B2_Atp8b2"
"92","Atpaf1","ATPAF1","ATPAF1_Atpaf1"
"93","Atxn2l","ATXN2L","ATXN2L_Atxn2l"
"94","Atxn7","ATXN7","ATXN7_Atxn7"
"95","Atxn7l3","ATXN7L3","ATXN7L3_Atxn7l3"
"96","Auh","AUH","AUH_Auh"
"97","Aurka","AURKA","AURKA_Aurka"
"98","Aurkaip1","AURKAIP1","AURKAIP1_Aurkaip1"
"99","Axin1","AXIN1","AXIN1_Axin1"
"100","Axl","AXL","AXL_Axl"
"101","B3gnt2","B3GNT2","B3GNT2_B3gnt2"
"102","B3gnt9","B3GNT9","B3GNT9_B3gnt9"
"103","B4galnt4","B4GALNT4","B4GALNT4_B4galnt4"
"104","B4galt5","B4GALT5","B4GALT5_B4galt5"
"105","Bahd1","BAHD1","BAHD1_Bahd1"
"106","Bap1","BAP1","BAP1_Bap1"
"107","Basp1","BASP1","BASP1_Basp1"
"108","Bax","BAX","BAX_Bax"
"109","Bcar1","BCAR1","BCAR1_Bcar1"
"110","Bckdk","BCKDK","BCKDK_Bckdk"
"111","Bcl3","BCL3","BCL3_Bcl3"
"112","Bcl7b","BCL7B","BCL7B_Bcl7b"
"113","Bcl7c","BCL7C","BCL7C_Bcl7c"
"114","Bcl9l","BCL9L","BCL9L_Bcl9l"
"115","Bcor","BCOR","BCOR_Bcor"
"116","Bgn","BGN","BGN_Bgn"
"117","Bhlhe41","BHLHE41","BHLHE41_Bhlhe41"
"118","Bhmt2","BHMT2","BHMT2_Bhmt2"
"119","Bicc1","BICC1","BICC1_Bicc1"
"120","Bicd2","BICD2","BICD2_Bicd2"
"121","Bloc1s1","BLOC1S1","BLOC1S1_Bloc1s1"
"122","Bmp2k","BMP2K","BMP2K_Bmp2k"
"123","Bnip3","BNIP3","BNIP3_Bnip3"
"124","Bod1l","BOD1L1","BOD1L1_Bod1l"
"125","Bptf","BPTF","BPTF_Bptf"
"126","Brat1","BRAT1","BRAT1_Brat1"
"127","Brd1","BRD1","BRD1_Brd1"
"128","Brd3","BRD3","BRD3_Brd3"
"129","Brd4","BRD4","BRD4_Brd4"
"130","Brd9","BRD9","BRD9_Brd9"
"131","Bri3","BRI3","BRI3_Bri3"
"132","Brinp1","BRINP1","BRINP1_Brinp1"
"133","Brms1l","BRMS1L","BRMS1L_Brms1l"
"134","Brpf3","BRPF3","BRPF3_Brpf3"
"135","Brwd1","BRWD1","BRWD1_Brwd1"
"136","Bsg","BSG","BSG_Bsg"
"137","Btbd6","BTBD6","BTBD6_Btbd6"
"138","Btbd7","BTBD7","BTBD7_Btbd7"
"139","Btg3","BTG3","BTG3_Btg3"
"140","Bzw1","BZW1","BZW1_Bzw1"
"141","2700081O15Rik","C11orf95","C11orf95_2700081O15Rik"
"142","Grcc10","C12orf57","C12orf57_Grcc10"
"143","2300009A05Rik","C15orf61","C15orf61_2300009A05Rik"
"144","BC003965","C16orf91","C16orf91_BC003965"
"145","Gm525","C17orf67","C17orf67_Gm525"
"146","1600014C10Rik","C19orf12","C19orf12_1600014C10Rik"
"147","2310022A10Rik","C19orf47","C19orf47_2310022A10Rik"
"148","C1galt1","C1GALT1","C1GALT1_C1galt1"
"149","AI597479","C2orf49","C2orf49_AI597479"
"150","1700003E16Rik","C2orf81","C2orf81_1700003E16Rik"
"151","6430571L13Rik","C3orf18","C3orf18_6430571L13Rik"
"152","D3Ertd751e","C4orf33","C4orf33_D3Ertd751e"
"153","B230219D22Rik","C5orf24","C5orf24_B230219D22Rik"
"154","3110082I17Rik","C7orf50","C7orf50_3110082I17Rik"
"155","C030006K11Rik","C8orf82","C8orf82_C030006K11Rik"
"156","Cacna1c","CACNA1C","CACNA1C_Cacna1c"
"157","Cacnb1","CACNB1","CACNB1_Cacnb1"
"158","Cacybp","CACYBP","CACYBP_Cacybp"
"159","Calhm2","CALHM2","CALHM2_Calhm2"
"160","Calm3","CALM3","CALM3_Calm3"
"161","Calu","CALU","CALU_Calu"
"162","Camk1","CAMK1","CAMK1_Camk1"
"163","Canx","CANX","CANX_Canx"
"164","Capn1","CAPN1","CAPN1_Capn1"
"165","Capns1","CAPNS1","CAPNS1_Capns1"
"166","Caprin2","CAPRIN2","CAPRIN2_Caprin2"
"167","Capza2","CAPZA2","CAPZA2_Capza2"
"168","Caskin2","CASKIN2","CASKIN2_Caskin2"
"169","Casp2","CASP2","CASP2_Casp2"
"170","Cav2","CAV2","CAV2_Cav2"
"171","Cbx4","CBX4","CBX4_Cbx4"
"172","Cbx7","CBX7","CBX7_Cbx7"
"173","Cc2d1a","CC2D1A","CC2D1A_Cc2d1a"
"174","Ccar2","CCAR2","CCAR2_Ccar2"
"175","Ccbe1","CCBE1","CCBE1_Ccbe1"
"176","Ccdc112","CCDC112","CCDC112_Ccdc112"
"177","Ccdc137","CCDC137","CCDC137_Ccdc137"
"178","Ccdc174","CCDC174","CCDC174_Ccdc174"
"179","Ccdc71","CCDC71","CCDC71_Ccdc71"
"180","Ccdc8","CCDC8","CCDC8_Ccdc8"
"181","Ccng2","CCNG2","CCNG2_Ccng2"
"182","Ccnl2","CCNL2","CCNL2_Ccnl2"
"183","Cct5","CCT5","CCT5_Cct5"
"184","Cd151","CD151","CD151_Cd151"
"185","Cd81","CD81","CD81_Cd81"
"186","Cd9","CD9","CD9_Cd9"
"187","Cdc16","CDC16","CDC16_Cdc16"
"188","Cdc42bpb","CDC42BPB","CDC42BPB_Cdc42bpb"
"189","Cdc42ep1","CDC42EP1","CDC42EP1_Cdc42ep1"
"190","Cdc42ep3","CDC42EP3","CDC42EP3_Cdc42ep3"
"191","Cdh13","CDH13","CDH13_Cdh13"
"192","Cdipt","CDIPT","CDIPT_Cdipt"
"193","Cdk12","CDK12","CDK12_Cdk12"
"194","Cdk13","CDK13","CDK13_Cdk13"
"195","Cdk6","CDK6","CDK6_Cdk6"
"196","Cdk8","CDK8","CDK8_Cdk8"
"197","Cdk9","CDK9","CDK9_Cdk9"
"198","Cdkl1","CDKL1","CDKL1_Cdkl1"
"199","Cdkn2c","CDKN2C","CDKN2C_Cdkn2c"
"200","Cdr2","CDR2","CDR2_Cdr2"
"201","Cdv3","CDV3","CDV3_Cdv3"
"202","Cebpb","CEBPB","CEBPB_Cebpb"
"203","Cebpg","CEBPG","CEBPG_Cebpg"
"204","Celf1","CELF1","CELF1_Celf1"
"205","Cenpa","CENPA","CENPA_Cenpa"
"206","Cenpb","CENPB","CENPB_Cenpb"
"207","Cenpt","CENPT","CENPT_Cenpt"
"208","Cep164","CEP164","CEP164_Cep164"
"209","Cers2","CERS2","CERS2_Cers2"
"210","Cers5","CERS5","CERS5_Cers5"
"211","Cfl1","CFL1","CFL1_Cfl1"
"212","Cflar","CFLAR","CFLAR_Cflar"
"213","AU015836","CHCHD4","CHCHD4_AU015836"
"214","Chd1","CHD1","CHD1_Chd1"
"215","Chd2","CHD2","CHD2_Chd2"
"216","Chd3","CHD3","CHD3_Chd3"
"217","Chd4","CHD4","CHD4_Chd4"
"218","Chmp1b","CHMP1B","CHMP1B_Chmp1b"
"219","Chmp2a","CHMP2A","CHMP2A_Chmp2a"
"220","Chmp4b","CHMP4B","CHMP4B_Chmp4b"
"221","Chpf","CHPF","CHPF_Chpf"
"222","Chrac1","CHRAC1","CHRAC1_Chrac1"
"223","Cib2","CIB2","CIB2_Cib2"
"224","Cirbp","CIRBP","CIRBP_Cirbp"
"225","Cisd3","CISD3","CISD3_Cisd3"
"226","Ciz1","CIZ1","CIZ1_Ciz1"
"227","Ckap4","CKAP4","CKAP4_Ckap4"
"228","Cldnd1","CLDND1","CLDND1_Cldnd1"
"229","Clip4","CLIP4","CLIP4_Clip4"
"230","Clptm1","CLPTM1","CLPTM1_Clptm1"
"231","Cmc4","CMC4","CMC4_Cmc4"
"232","Cmip","CMIP","CMIP_Cmip"
"233","Cmtm3","CMTM3","CMTM3_Cmtm3"
"234","Cnn1","CNN1","CNN1_Cnn1"
"235","Cnot11","CNOT11","CNOT11_Cnot11"
"236","Cnot7","CNOT7","CNOT7_Cnot7"
"237","Cnst","CNST","CNST_Cnst"
"238","Cntnap1","CNTNAP1","CNTNAP1_Cntnap1"
"239","Coil","COIL","COIL_Coil"
"240","Col15a1","COL15A1","COL15A1_Col15a1"
"241","Col18a1","COL18A1","COL18A1_Col18a1"
"242","Col1a1","COL1A1","COL1A1_Col1a1"
"243","Col1a2","COL1A2","COL1A2_Col1a2"
"244","Col4a2","COL4A2","COL4A2_Col4a2"
"245","Col6a2","COL6A2","COL6A2_Col6a2"
"246","Col8a2","COL8A2","COL8A2_Col8a2"
"247","Commd6","COMMD6","COMMD6_Commd6"
"248","Coro1c","CORO1C","CORO1C_Coro1c"
"249","Cox14","COX14","COX14_Cox14"
"250","Cox20","COX20","COX20_Cox20"
"251","Cox4i1","COX4I1","COX4I1_Cox4i1"
"252","Cox6b1","COX6B1","COX6B1_Cox6b1"
"253","Cox7a2l","COX7A2L","COX7A2L_Cox7a2l"
"254","Cpe","CPE","CPE_Cpe"
"255","Cpne2","CPNE2","CPNE2_Cpne2"
"256","Cpxm1","CPXM1","CPXM1_Cpxm1"
"257","Creg1","CREG1","CREG1_Creg1"
"258","Creld2","CRELD2","CRELD2_Creld2"
"259","Crls1","CRLS1","CRLS1_Crls1"
"260","Crtc2","CRTC2","CRTC2_Crtc2"
"261","Csgalnact2","CSGALNACT2","CSGALNACT2_Csgalnact2"
"262","Csnk1d","CSNK1D","CSNK1D_Csnk1d"
"263","Csnk1g2","CSNK1G2","CSNK1G2_Csnk1g2"
"264","Csnk2a2","CSNK2A2","CSNK2A2_Csnk2a2"
"265","Csrnp1","CSRNP1","CSRNP1_Csrnp1"
"266","Csrp1","CSRP1","CSRP1_Csrp1"
"267","Cst3","CST3","CST3_Cst3"
"268","Cstb","CSTB","CSTB_Cstb"
"269","Ctbp1","CTBP1","CTBP1_Ctbp1"
"270","Ctdsp1","CTDSP1","CTDSP1_Ctdsp1"
"271","Ctdsp2","CTDSP2","CTDSP2_Ctdsp2"
"272","Ctdspl","CTDSPL","CTDSPL_Ctdspl"
"273","Ctps","CTPS1","CTPS1_Ctps"
"274","Ctsb","CTSB","CTSB_Ctsb"
"275","Ctsz","CTSZ","CTSZ_Ctsz"
"276","Ctxn1","CTXN1","CTXN1_Ctxn1"
"277","Cul3","CUL3","CUL3_Cul3"
"278","Cyb561","CYB561","CYB561_Cyb561"
"279","Cyb561d1","CYB561D1","CYB561D1_Cyb561d1"
"280","Cyb5r2","CYB5R2","CYB5R2_Cyb5r2"
"281","Cyb5r3","CYB5R3","CYB5R3_Cyb5r3"
"282","Cyc1","CYC1","CYC1_Cyc1"
"283","Cyhr1","CYHR1","CYHR1_Cyhr1"
"284","Cyth1","CYTH1","CYTH1_Cyth1"
"285","Daam2","DAAM2","DAAM2_Daam2"
"286","Dact1","DACT1","DACT1_Dact1"
"287","Dazap1","DAZAP1","DAZAP1_Dazap1"
"288","Dbi","DBI","DBI_Dbi"
"289","Dbn1","DBN1","DBN1_Dbn1"
"290","Dbndd2","DBNDD2","DBNDD2_Dbndd2"
"291","Dbp","DBP","DBP_Dbp"
"292","Dcaf10","DCAF10","DCAF10_Dcaf10"
"293","Dcaf15","DCAF15","DCAF15_Dcaf15"
"294","Dcakd","DCAKD","DCAKD_Dcakd"
"295","Dcbld2","DCBLD2","DCBLD2_Dcbld2"
"296","Dchs1","DCHS1","DCHS1_Dchs1"
"297","Dclre1c","DCLRE1C","DCLRE1C_Dclre1c"
"298","Dctd","DCTD","DCTD_Dctd"
"299","Dctn3","DCTN3","DCTN3_Dctn3"
"300","Dcxr","DCXR","DCXR_Dcxr"
"301","Ddr1","DDR1","DDR1_Ddr1"
"302","Ddx17","DDX17","DDX17_Ddx17"
"303","Dedd","DEDD","DEDD_Dedd"
"304","Dennd4b","DENND4B","DENND4B_Dennd4b"
"305","Dennd6a","DENND6A","DENND6A_Dennd6a"
"306","Desi2","DESI2","DESI2_Desi2"
"307","Dgat1","DGAT1","DGAT1_Dgat1"
"308","Dhcr24","DHCR24","DHCR24_Dhcr24"
"309","Dhx15","DHX15","DHX15_Dhx15"
"310","Dhx32","DHX32","DHX32_Dhx32"
"311","Dhx36","DHX36","DHX36_Dhx36"
"312","Dhx9","DHX9","DHX9_Dhx9"
"313","Dio2","DIO2","DIO2_Dio2"
"314","Diras1","DIRAS1","DIRAS1_Diras1"
"315","Dixdc1","DIXDC1","DIXDC1_Dixdc1"
"316","Dkc1","DKC1","DKC1_Dkc1"
"317","Dkk3","DKK3","DKK3_Dkk3"
"318","Dlc1","DLC1","DLC1_Dlc1"
"319","Gm49383","DNAAF2","DNAAF2_Gm49383"
"320","Dnaja4","DNAJA4","DNAJA4_Dnaja4"
"321","Dnajb2","DNAJB2","DNAJB2_Dnajb2"
"322","Dnajb5","DNAJB5","DNAJB5_Dnajb5"
"323","Dnajc25","DNAJC25","DNAJC25_Dnajc25"
"324","Dnajc27","DNAJC27","DNAJC27_Dnajc27"
"325","Dnajc8","DNAJC8","DNAJC8_Dnajc8"
"326","Dnlz","DNLZ","DNLZ_Dnlz"
"327","Dnmt3a","DNMT3A","DNMT3A_Dnmt3a"
"328","Dnpep","DNPEP","DNPEP_Dnpep"
"329","Dnttip1","DNTTIP1","DNTTIP1_Dnttip1"
"330","Dock11","DOCK11","DOCK11_Dock11"
"331","Dok4","DOK4","DOK4_Dok4"
"332","Dph3","DPH3","DPH3_Dph3"
"333","Dpy19l1","DPY19L1","DPY19L1_Dpy19l1"
"334","Drap1","DRAP1","DRAP1_Drap1"
"335","Dse","DSE","DSE_Dse"
"336","Dtnbp1","DTNBP1","DTNBP1_Dtnbp1"
"337","Dusp15","DUSP15","DUSP15_Dusp15"
"338","Dusp22","DUSP22","DUSP22_Dusp22"
"339","Dvl1","DVL1","DVL1_Dvl1"
"340","Dvl2","DVL2","DVL2_Dvl2"
"341","Dvl3","DVL3","DVL3_Dvl3"
"342","Dyrk2","DYRK2","DYRK2_Dyrk2"
"343","E2f4","E2F4","E2F4_E2f4"
"344","Eapp","EAPP","EAPP_Eapp"
"345","Ebag9","EBAG9","EBAG9_Ebag9"
"346","Ebp","EBP","EBP_Ebp"
"347","Ebpl","EBPL","EBPL_Ebpl"
"348","Ece1","ECE1","ECE1_Ece1"
"349","Echdc3","ECHDC3","ECHDC3_Echdc3"
"350","Eci1","ECI1","ECI1_Eci1"
"351","Edc4","EDC4","EDC4_Edc4"
"352","Edem1","EDEM1","EDEM1_Edem1"
"353","Edem2","EDEM2","EDEM2_Edem2"
"354","Edil3","EDIL3","EDIL3_Edil3"
"355","Efcab14","EFCAB14","EFCAB14_Efcab14"
"356","Efemp1","EFEMP1","EFEMP1_Efemp1"
"357","Efemp2","EFEMP2","EFEMP2_Efemp2"
"358","Efhd2","EFHD2","EFHD2_Efhd2"
"359","Efs","EFS","EFS_Efs"
"360","Ehbp1l1","EHBP1L1","EHBP1L1_Ehbp1l1"
"361","Ehd1","EHD1","EHD1_Ehd1"
"362","Ehd2","EHD2","EHD2_Ehd2"
"363","Ehmt2","EHMT2","EHMT2_Ehmt2"
"364","Ei24","EI24","EI24_Ei24"
"365","Eif2ak1","EIF2AK1","EIF2AK1_Eif2ak1"
"366","Eif3b","EIF3B","EIF3B_Eif3b"
"367","Eif3k","EIF3K","EIF3K_Eif3k"
"368","Eif4e3","EIF4E3","EIF4E3_Eif4e3"
"369","Eif4ebp1","EIF4EBP1","EIF4EBP1_Eif4ebp1"
"370","Eif4ebp2","EIF4EBP2","EIF4EBP2_Eif4ebp2"
"371","Eif4enif1","EIF4ENIF1","EIF4ENIF1_Eif4enif1"
"372","Eif4g2","EIF4G2","EIF4G2_Eif4g2"
"373","Elfn1","ELFN1","ELFN1_Elfn1"
"374","Ell2","ELL2","ELL2_Ell2"
"375","Elovl1","ELOVL1","ELOVL1_Elovl1"
"376","Emc9","EMC9","EMC9_Emc9"
"377","Emilin2","EMILIN2","EMILIN2_Emilin2"
"378","Eml3","EML3","EML3_Eml3"
"379","Enah","ENAH","ENAH_Enah"
"380","Enc1","ENC1","ENC1_Enc1"
"381","Engase","ENGASE","ENGASE_Engase"
"382","Entpd6","ENTPD6","ENTPD6_Entpd6"
"383","Eogt","EOGT","EOGT_Eogt"
"384","Epc2","EPC2","EPC2_Epc2"
"385","Ephb6","EPHB6","EPHB6_Ephb6"
"386","Erbb2","ERBB2","ERBB2_Erbb2"
"387","Erf","ERF","ERF_Erf"
"388","Ergic2","ERGIC2","ERGIC2_Ergic2"
"389","Ergic3","ERGIC3","ERGIC3_Ergic3"
"390","Erlec1","ERLEC1","ERLEC1_Erlec1"
"391","Esyt1","ESYT1","ESYT1_Esyt1"
"392","Esyt2","ESYT2","ESYT2_Esyt2"
"393","Etf1","ETF1","ETF1_Etf1"
"394","Etnk1","ETNK1","ETNK1_Etnk1"
"395","Ets1","ETS1","ETS1_Ets1"
"396","Etv1","ETV1","ETV1_Etv1"
"397","Eva1b","EVA1B","EVA1B_Eva1b"
"398","Exoc3","EXOC3","EXOC3_Exoc3"
"399","F3","F3","F3_F3"
"400","Fabp3","FABP3","FABP3_Fabp3"
"401","Fadd","FADD","FADD_Fadd"
"402","Fads2","FADS2","FADS2_Fads2"
"403","Fads3","FADS3","FADS3_Fads3"
"404","Fahd1","FAHD1","FAHD1_Fahd1"
"405","Fam107b","FAM107B","FAM107B_Fam107b"
"406","Fam120a","FAM120A","FAM120A_Fam120a"
"407","Fam122a","FAM122A","FAM122A_Fam122a"
"408","Fam149a","FAM149A","FAM149A_Fam149a"
"409","Fam160b2","FAM160B2","FAM160B2_Fam160b2"
"410","Fam162b","FAM162B","FAM162B_Fam162b"
"411","Fam168b","FAM168B","FAM168B_Fam168b"
"412","Fam171a1","FAM171A1","FAM171A1_Fam171a1"
"413","Fam171a2","FAM171A2","FAM171A2_Fam171a2"
"414","Fam189b","FAM189B","FAM189B_Fam189b"
"415","Fam204a","FAM204A","FAM204A_Fam204a"
"416","Fam20b","FAM20B","FAM20B_Fam20b"
"417","Fam219b","FAM219B","FAM219B_Fam219b"
"418","Fam220a","FAM220A","FAM220A_Fam220a"
"419","Fam229b","FAM229B","FAM229B_Fam229b"
"420","Fam89a","FAM89A","FAM89A_Fam89a"
"421","Fam8a1","FAM8A1","FAM8A1_Fam8a1"
"422","Fance","FANCE","FANCE_Fance"
"423","Farsa","FARSA","FARSA_Farsa"
"424","Fas","FAS","FAS_Fas"
"425","Fat1","FAT1","FAT1_Fat1"
"426","Fau","FAU","FAU_Fau"
"427","Fbf1","FBF1","FBF1_Fbf1"
"428","Fbln2","FBLN2","FBLN2_Fbln2"
"429","Fbrs","FBRS","FBRS_Fbrs"
"430","Fbxo33","FBXO33","FBXO33_Fbxo33"
"431","Fbxo34","FBXO34","FBXO34_Fbxo34"
"432","Fbxw4","FBXW4","FBXW4_Fbxw4"
"433","Fbxw5","FBXW5","FBXW5_Fbxw5"
"434","Fcgrt","FCGRT","FCGRT_Fcgrt"
"435","Fech","FECH","FECH_Fech"
"436","Fgfr1","FGFR1","FGFR1_Fgfr1"
"437","Fkbp10","FKBP10","FKBP10_Fkbp10"
"438","Fkbp2","FKBP2","FKBP2_Fkbp2"
"439","Fkbp8","FKBP8","FKBP8_Fkbp8"
"440","Flna","FLNA","FLNA_Flna"
"441","Flnc","FLNC","FLNC_Flnc"
"442","Flrt2","FLRT2","FLRT2_Flrt2"
"443","Flywch1","FLYWCH1","FLYWCH1_Flywch1"
"444","Flywch2","FLYWCH2","FLYWCH2_Flywch2"
"445","Fmr1","FMR1","FMR1_Fmr1"
"446","Fn1","FN1","FN1_Fn1"
"447","Fnbp1","FNBP1","FNBP1_Fnbp1"
"448","Fnta","FNTA","FNTA_Fnta"
"449","Fosl2","FOSL2","FOSL2_Fosl2"
"450","Foxj2","FOXJ2","FOXJ2_Foxj2"
"451","Foxj3","FOXJ3","FOXJ3_Foxj3"
"452","Foxm1","FOXM1","FOXM1_Foxm1"
"453","Foxq1","FOXQ1","FOXQ1_Foxq1"
"454","Fscn1","FSCN1","FSCN1_Fscn1"
"455","Fsd1","FSD1","FSD1_Fsd1"
"456","Fstl1","FSTL1","FSTL1_Fstl1"
"457","Fuom","FUOM","FUOM_Fuom"
"458","Fzd7","FZD7","FZD7_Fzd7"
"459","Fzr1","FZR1","FZR1_Fzr1"
"460","Gaa","GAA","GAA_Gaa"
"461","Gadd45gip1","GADD45GIP1","GADD45GIP1_Gadd45gip1"
"462","Gal","GAL","GAL_Gal"
"463","Galnt12","GALNT12","GALNT12_Galnt12"
"464","Galt","GALT","GALT_Galt"
"465","Gamt","GAMT","GAMT_Gamt"
"466","Gas2l1","GAS2L1","GAS2L1_Gas2l1"
"467","Gata2","GATA2","GATA2_Gata2"
"468","Gatad2a","GATAD2A","GATAD2A_Gatad2a"
"469","Gba2","GBA2","GBA2_Gba2"
"470","Gcfc2","GCFC2","GCFC2_Gcfc2"
"471","Gcsh","GCSH","GCSH_Gcsh"
"472","Gdap2","GDAP2","GDAP2_Gdap2"
"473","Gdf11","GDF11","GDF11_Gdf11"
"474","Gdpd5","GDPD5","GDPD5_Gdpd5"
"475","Get4","GET4","GET4_Get4"
"476","Gfer","GFER","GFER_Gfer"
"477","Gfm1","GFM1","GFM1_Gfm1"
"478","Gid4","GID4","GID4_Gid4"
"479","Gid8","GID8","GID8_Gid8"
"480","Gigyf1","GIGYF1","GIGYF1_Gigyf1"
"481","Gipc1","GIPC1","GIPC1_Gipc1"
"482","Git1","GIT1","GIT1_Git1"
"483","Glb1","GLB1","GLB1_Glb1"
"484","Glis2","GLIS2","GLIS2_Glis2"
"485","Glrx5","GLRX5","GLRX5_Glrx5"
"486","Gls","GLS","GLS_Gls"
"487","Glt8d1","GLT8D1","GLT8D1_Glt8d1"
"488","Gltp","GLTP","GLTP_Gltp"
"489","Gmeb2","GMEB2","GMEB2_Gmeb2"
"490","Gna13","GNA13","GNA13_Gna13"
"491","Gnas","GNAS","GNAS_Gnas"
"492","Gnb2","GNB2","GNB2_Gnb2"
"493","Gnptab","GNPTAB","GNPTAB_Gnptab"
"494","Golm1","GOLM1","GOLM1_Golm1"
"495","Gopc","GOPC","GOPC_Gopc"
"496","Got2","GOT2","GOT2_Got2"
"497","Gpatch8","GPATCH8","GPATCH8_Gpatch8"
"498","Gpc1","GPC1","GPC1_Gpc1"
"499","Gps2","GPS2","GPS2_Gps2"
"500","Gpt2","GPT2","GPT2_Gpt2"
"501","Gpx4","GPX4","GPX4_Gpx4"
"502","Gramd1a","GRAMD1A","GRAMD1A_Gramd1a"
"503","Gramd1c","GRAMD1C","GRAMD1C_Gramd1c"
"504","Gramd4","GRAMD4","GRAMD4_Gramd4"
"505","Grb2","GRB2","GRB2_Grb2"
"506","Grem1","GREM1","GREM1_Grem1"
"507","Grina","GRINA","GRINA_Grina"
"508","Grk4","GRK4","GRK4_Grk4"
"509","Grp","GRP","GRP_Grp"
"510","Gsn","GSN","GSN_Gsn"
"511","Gsr","GSR","GSR_Gsr"
"512","Gstm7","GSTM2","GSTM2_Gstm7"
"513","Gtf2e2","GTF2E2","GTF2E2_Gtf2e2"
"514","Gtf3c4","GTF3C4","GTF3C4_Gtf3c4"
"515","Gtpbp2","GTPBP2","GTPBP2_Gtpbp2"
"516","Gucd1","GUCD1","GUCD1_Gucd1"
"517","Guk1","GUK1","GUK1_Guk1"
"518","Gypc","GYPC","GYPC_Gypc"
"519","Gys1","GYS1","GYS1_Gys1"
"520","H6pd","H6PD","H6PD_H6pd"
"521","Hadha","HADHA","HADHA_Hadha"
"522","Havcr2","HAVCR2","HAVCR2_Havcr2"
"523","Hcfc1","HCFC1","HCFC1_Hcfc1"
"524","Hcfc2","HCFC2","HCFC2_Hcfc2"
"525","Hdac3","HDAC3","HDAC3_Hdac3"
"526","Hdac5","HDAC5","HDAC5_Hdac5"
"527","Hddc2","HDDC2","HDDC2_Hddc2"
"528","Hdgf","HDGF","HDGF_Hdgf"
"529","Hdlbp","HDLBP","HDLBP_Hdlbp"
"530","Hebp2","HEBP2","HEBP2_Hebp2"
"531","Herc4","HERC4","HERC4_Herc4"
"532","Herpud2","HERPUD2","HERPUD2_Herpud2"
"533","Hexa","HEXA","HEXA_Hexa"
"534","Hic1","HIC1","HIC1_Hic1"
"535","Hint2","HINT2","HINT2_Hint2"
"536","Hipk1","HIPK1","HIPK1_Hipk1"
"537","Hivep2","HIVEP2","HIVEP2_Hivep2"
"538","Hmg20b","HMG20B","HMG20B_Hmg20b"
"539","Hnmt","HNMT","HNMT_Hnmt"
"540","Hnrnpa2b1","HNRNPA2B1","HNRNPA2B1_Hnrnpa2b1"
"541","Hnrnpu","HNRNPU","HNRNPU_Hnrnpu"
"542","Hnrnpul1","HNRNPUL1","HNRNPUL1_Hnrnpul1"
"543","Homer1","HOMER1","HOMER1_Homer1"
"544","Homer3","HOMER3","HOMER3_Homer3"
"545","Hook3","HOOK3","HOOK3_Hook3"
"546","Hoxc10","HOXC10","HOXC10_Hoxc10"
"547","Hp1bp3","HP1BP3","HP1BP3_Hp1bp3"
"548","Hr","HR","HR_Hr"
"549","Hsdl1","HSDL1","HSDL1_Hsdl1"
"550","Hsh2d","HSH2D","HSH2D_Hsh2d"
"551","Hsp90b1","HSP90B1","HSP90B1_Hsp90b1"
"552","Hspb11","HSPB11","HSPB11_Hspb11"
"553","Htatip2","HTATIP2","HTATIP2_Htatip2"
"554","Htatsf1","HTATSF1","HTATSF1_Htatsf1"
"555","Htra1","HTRA1","HTRA1_Htra1"
"556","Huwe1","HUWE1","HUWE1_Huwe1"
"557","Hyal2","HYAL2","HYAL2_Hyal2"
"558","Idi1","IDI1","IDI1_Idi1"
"559","Ifngr2","IFNGR2","IFNGR2_Ifngr2"
"560","Igf2","IGF2","IGF2_Igf2"
"561","Igfbp6","IGFBP6","IGFBP6_Igfbp6"
"562","Ikbip","IKBIP","IKBIP_Ikbip"
"563","Ikbkg","IKBKG","IKBKG_Ikbkg"
"564","Il17ra","IL17RA","IL17RA_Il17ra"
"565","Il17rc","IL17RC","IL17RC_Il17rc"
"566","Il17rd","IL17RD","IL17RD_Il17rd"
"567","Il1r1","IL1R1","IL1R1_Il1r1"
"568","Il27ra","IL27RA","IL27RA_Il27ra"
"569","Il4ra","IL4R","IL4R_Il4ra"
"570","Il6st","IL6ST","IL6ST_Il6st"
"571","Ilf3","ILF3","ILF3_Ilf3"
"572","Ilk","ILK","ILK_Ilk"
"573","Impact","IMPACT","IMPACT_Impact"
"574","Impdh1","IMPDH1","IMPDH1_Impdh1"
"575","Ing2","ING2","ING2_Ing2"
"576","Inppl1","INPPL1","INPPL1_Inppl1"
"577","Ints1","INTS1","INTS1_Ints1"
"578","Ints8","INTS8","INTS8_Ints8"
"579","Ip6k1","IP6K1","IP6K1_Ip6k1"
"580","Irak1","IRAK1","IRAK1_Irak1"
"581","Irs1","IRS1","IRS1_Irs1"
"582","Irx3","IRX3","IRX3_Irx3"
"583","Irx5","IRX5","IRX5_Irx5"
"584","Ist1","IST1","IST1_Ist1"
"585","Itga4","ITGA4","ITGA4_Itga4"
"586","Itga5","ITGA5","ITGA5_Itga5"
"587","Itgav","ITGAV","ITGAV_Itgav"
"588","Itgb1","ITGB1","ITGB1_Itgb1"
"589","Itgb5","ITGB5","ITGB5_Itgb5"
"590","Itm2b","ITM2B","ITM2B_Itm2b"
"591","Itpkc","ITPKC","ITPKC_Itpkc"
"592","Itpr3","ITPR3","ITPR3_Itpr3"
"593","Itsn2","ITSN2","ITSN2_Itsn2"
"594","Ivns1abp","IVNS1ABP","IVNS1ABP_Ivns1abp"
"595","Jdp2","JDP2","JDP2_Jdp2"
"596","Jmjd8","JMJD8","JMJD8_Jmjd8"
"597","Josd1","JOSD1","JOSD1_Josd1"
"598","Josd2","JOSD2","JOSD2_Josd2"
"599","Jund","JUND","JUND_Jund"
"600","Kank2","KANK2","KANK2_Kank2"
"601","Kat8","KAT8","KAT8_Kat8"
"602","Katnal1","KATNAL1","KATNAL1_Katnal1"
"603","Kcmf1","KCMF1","KCMF1_Kcmf1"
"604","Kcng1","KCNG1","KCNG1_Kcng1"
"605","Kcnj4","KCNJ4","KCNJ4_Kcnj4"
"606","Kcnk15","KCNK15","KCNK15_Kcnk15"
"607","Kcns3","KCNS3","KCNS3_Kcns3"
"608","Kctd1","KCTD1","KCTD1_Kctd1"
"609","Kctd13","KCTD13","KCTD13_Kctd13"
"610","Kctd15","KCTD15","KCTD15_Kctd15"
"611","Kctd17","KCTD17","KCTD17_Kctd17"
"612","Kctd2","KCTD2","KCTD2_Kctd2"
"613","Kctd3","KCTD3","KCTD3_Kctd3"
"614","Kctd5","KCTD5","KCTD5_Kctd5"
"615","Kdm1a","KDM1A","KDM1A_Kdm1a"
"616","Kdsr","KDSR","KDSR_Kdsr"
"617","Khdrbs1","KHDRBS1","KHDRBS1_Khdrbs1"
"618","Khdrbs3","KHDRBS3","KHDRBS3_Khdrbs3"
"619","Khnyn","KHNYN","KHNYN_Khnyn"
"620","4931428F04Rik","KIAA0895L","KIAA0895L_4931428F04Rik"
"621","1110059G10Rik","KIAA1143","KIAA1143_1110059G10Rik"
"622","BC034090","KIAA1614","KIAA1614_BC034090"
"623","Kif1b","KIF1B","KIF1B_Kif1b"
"624","Kif1c","KIF1C","KIF1C_Kif1c"
"625","Kif9","KIF9","KIF9_Kif9"
"626","Klf3","KLF3","KLF3_Klf3"
"627","Klf6","KLF6","KLF6_Klf6"
"628","Klhdc2","KLHDC2","KLHDC2_Klhdc2"
"629","Klhdc3","KLHDC3","KLHDC3_Klhdc3"
"630","Klhl2","KLHL2","KLHL2_Klhl2"
"631","Klhl5","KLHL5","KLHL5_Klhl5"
"632","Kmt2a","KMT2A","KMT2A_Kmt2a"
"633","Kmt2c","KMT2C","KMT2C_Kmt2c"
"634","Kras","KRAS","KRAS_Kras"
"635","Krt10","KRT10","KRT10_Krt10"
"636","Krt8","KRT8","KRT8_Krt8"
"637","Krtcap2","KRTCAP2","KRTCAP2_Krtcap2"
"638","Ktn1","KTN1","KTN1_Ktn1"
"639","Lama5","LAMA5","LAMA5_Lama5"
"640","Lamp2","LAMP2","LAMP2_Lamp2"
"641","Lamtor1","LAMTOR1","LAMTOR1_Lamtor1"
"642","Laptm4a","LAPTM4A","LAPTM4A_Laptm4a"
"643","Laptm4b","LAPTM4B","LAPTM4B_Laptm4b"
"644","Larp6","LARP6","LARP6_Larp6"
"645","Lbh","LBH","LBH_Lbh"
"646","Lca5l","LCA5L","LCA5L_Lca5l"
"647","Ldb1","LDB1","LDB1_Ldb1"
"648","Ldoc1","LDOC1","LDOC1_Ldoc1"
"649","Lfng","LFNG","LFNG_Lfng"
"650","Lgals1","LGALS1","LGALS1_Lgals1"
"651","Lhfpl2","LHFPL2","LHFPL2_Lhfpl2"
"652","Lhpp","LHPP","LHPP_Lhpp"
"653","Lima1","LIMA1","LIMA1_Lima1"
"654","Limch1","LIMCH1","LIMCH1_Limch1"
"655","Limk1","LIMK1","LIMK1_Limk1"
"656","Lmo4","LMO4","LMO4_Lmo4"
"657","Lmo7","LMO7","LMO7_Lmo7"
"658","Lpin2","LPIN2","LPIN2_Lpin2"
"659","Lrfn3","LRFN3","LRFN3_Lrfn3"
"660","Lrfn4","LRFN4","LRFN4_Lrfn4"
"661","Lrp1","LRP1","LRP1_Lrp1"
"662","Lrp10","LRP10","LRP10_Lrp10"
"663","Lrp5","LRP5","LRP5_Lrp5"
"664","Lrp6","LRP6","LRP6_Lrp6"
"665","Lrrc1","LRRC1","LRRC1_Lrrc1"
"666","Lrrc42","LRRC42","LRRC42_Lrrc42"
"667","Lrrc59","LRRC59","LRRC59_Lrrc59"
"668","Lrrfip1","LRRFIP1","LRRFIP1_Lrrfip1"
"669","Lrrfip2","LRRFIP2","LRRFIP2_Lrrfip2"
"670","Lsm1","LSM1","LSM1_Lsm1"
"671","Lsm14a","LSM14A","LSM14A_Lsm14a"
"672","Lsm14b","LSM14B","LSM14B_Lsm14b"
"673","Lsm5","LSM5","LSM5_Lsm5"
"674","Ly6k","LY6K","LY6K_Ly6k"
"675","Lztr1","LZTR1","LZTR1_Lztr1"
"676","Lzts2","LZTS2","LZTS2_Lzts2"
"677","Lzts3","LZTS3","LZTS3_Lzts3"
"678","Madd","MADD","MADD_Madd"
"679","Mamdc2","MAMDC2","MAMDC2_Mamdc2"
"680","Man1b1","MAN1B1","MAN1B1_Man1b1"
"681","Man2a1","MAN2A1","MAN2A1_Man2a1"
"682","Man2a2","MAN2A2","MAN2A2_Man2a2"
"683","Maneal","MANEAL","MANEAL_Maneal"
"684","Map1lc3a","MAP1LC3A","MAP1LC3A_Map1lc3a"
"685","Map3k10","MAP3K10","MAP3K10_Map3k10"
"686","Map4k4","MAP4K4","MAP4K4_Map4k4"
"687","Map4k5","MAP4K5","MAP4K5_Map4k5"
"688","Map7d1","MAP7D1","MAP7D1_Map7d1"
"689","Mapk3","MAPK3","MAPK3_Mapk3"
"690","Mapk7","MAPK7","MAPK7_Mapk7"
"691","Mapkap1","MAPKAP1","MAPKAP1_Mapkap1"
"692","Mapkapk2","MAPKAPK2","MAPKAPK2_Mapkapk2"
"693","Mark2","MARK2","MARK2_Mark2"
"694","Mau2","MAU2","MAU2_Mau2"
"695","Maz","MAZ","MAZ_Maz"
"696","Mcat","MCAT","MCAT_Mcat"
"697","Mcfd2","MCFD2","MCFD2_Mcfd2"
"698","Mcl1","MCL1","MCL1_Mcl1"
"699","Mcm9","MCM9","MCM9_Mcm9"
"700","Mdga1","MDGA1","MDGA1_Mdga1"
"701","Me2","ME2","ME2_Me2"
"702","Med27","MED27","MED27_Med27"
"703","Meis1","MEIS1","MEIS1_Meis1"
"704","Meis3","MEIS3","MEIS3_Meis3"
"705","Mettl21a","METTL21A","METTL21A_Mettl21a"
"706","Mettl24","METTL24","METTL24_Mettl24"
"707","Mettl9","METTL9","METTL9_Mettl9"
"708","Mff","MFF","MFF_Mff"
"709","Mfsd12","MFSD12","MFSD12_Mfsd12"
"710","Mfsd5","MFSD5","MFSD5_Mfsd5"
"711","Mga","MGA","MGA_Mga"
"712","Mgat1","MGAT1","MGAT1_Mgat1"
"713","Mib2","MIB2","MIB2_Mib2"
"714","Mid1","MID1","MID1_Mid1"
"715","Mid1ip1","MID1IP1","MID1IP1_Mid1ip1"
"716","Mien1","MIEN1","MIEN1_Mien1"
"717","Mir152","MIR152","MIR152_Mir152"
"718","Mir21a","MIR21","MIR21_Mir21a"
"719","Mis12","MIS12","MIS12_Mis12"
"720","Mki67","MKI67","MKI67_Mki67"
"721","Mknk1","MKNK1","MKNK1_Mknk1"
"722","Mknk2","MKNK2","MKNK2_Mknk2"
"723","Mkrn1","MKRN1","MKRN1_Mkrn1"
"724","Mlec","MLEC","MLEC_Mlec"
"725","Mlf2","MLF2","MLF2_Mlf2"
"726","Mlkl","MLKL","MLKL_Mlkl"
"727","Mllt1","MLLT1","MLLT1_Mllt1"
"728","Mlst8","MLST8","MLST8_Mlst8"
"729","Mmp16","MMP16","MMP16_Mmp16"
"730","Mmp17","MMP17","MMP17_Mmp17"
"731","Mmp2","MMP2","MMP2_Mmp2"
"732","Mocos","MOCOS","MOCOS_Mocos"
"733","Mospd3","MOSPD3","MOSPD3_Mospd3"
"734","Moxd1","MOXD1","MOXD1_Moxd1"
"735","Mpdz","MPDZ","MPDZ_Mpdz"
"736","Mpzl1","MPZL1","MPZL1_Mpzl1"
"737","Mras","MRAS","MRAS_Mras"
"738","Mrpl24","MRPL24","MRPL24_Mrpl24"
"739","Mrpl41","MRPL41","MRPL41_Mrpl41"
"740","Mrpl51","MRPL51","MRPL51_Mrpl51"
"741","Mrps21","MRPS21","MRPS21_Mrps21"
"742","Msantd3","MSANTD3","MSANTD3_Msantd3"
"743","Msh2","MSH2","MSH2_Msh2"
"744","Msl1","MSL1","MSL1_Msl1"
"745","Msn","MSN","MSN_Msn"
"746","Msrb2","MSRB2","MSRB2_Msrb2"
"747","Mta2","MTA2","MTA2_Mta2"
"748","Mthfd1l","MTHFD1L","MTHFD1L_Mthfd1l"
"749","Mthfd2","MTHFD2","MTHFD2_Mthfd2"
"750","Mvp","MVP","MVP_Mvp"
"751","Mxd4","MXD4","MXD4_Mxd4"
"752","Mxi1","MXI1","MXI1_Mxi1"
"753","Myh9","MYH9","MYH9_Myh9"
"754","Mylip","MYLIP","MYLIP_Mylip"
"755","Myo1b","MYO1B","MYO1B_Myo1b"
"756","Myo1c","MYO1C","MYO1C_Myo1c"
"757","Myo9b","MYO9B","MYO9B_Myo9b"
"758","Naa30","NAA30","NAA30_Naa30"
"759","Naa38","NAA38","NAA38_Naa38"
"760","Nab2","NAB2","NAB2_Nab2"
"761","Naca","NACA","NACA_Naca"
"762","Nadk","NADK","NADK_Nadk"
"763","Nadk2","NADK2","NADK2_Nadk2"
"764","Naglu","NAGLU","NAGLU_Naglu"
"765","Nbl1","NBL1","NBL1_Nbl1"
"766","Nceh1","NCEH1","NCEH1_Nceh1"
"767","Nckap1","NCKAP1","NCKAP1_Nckap1"
"768","Ncl","NCL","NCL_Ncl"
"769","Ncoa1","NCOA1","NCOA1_Ncoa1"
"770","Ncoa4","NCOA4","NCOA4_Ncoa4"
"771","Ncstn","NCSTN","NCSTN_Ncstn"
"772","Ndrg1","NDRG1","NDRG1_Ndrg1"
"773","Ndst2","NDST2","NDST2_Ndst2"
"774","Ndufa4l2","NDUFA4L2","NDUFA4L2_Ndufa4l2"
"775","Ndufa7","NDUFA7","NDUFA7_Ndufa7"
"776","Ndufaf3","NDUFAF3","NDUFAF3_Ndufaf3"
"777","Ndufb10","NDUFB10","NDUFB10_Ndufb10"
"778","Ndufs5","NDUFS5","NDUFS5_Ndufs5"
"779","Nenf","NENF","NENF_Nenf"
"780","Neu3","NEU3","NEU3_Neu3"
"781","Nfat5","NFAT5","NFAT5_Nfat5"
"782","Nfatc1","NFATC1","NFATC1_Nfatc1"
"783","Nfatc2ip","NFATC2IP","NFATC2IP_Nfatc2ip"
"784","Nfatc4","NFATC4","NFATC4_Nfatc4"
"785","Nfe2l1","NFE2L1","NFE2L1_Nfe2l1"
"786","Nfe2l2","NFE2L2","NFE2L2_Nfe2l2"
"787","Nfix","NFIX","NFIX_Nfix"
"788","Nid2","NID2","NID2_Nid2"
"789","Nin","NIN","NIN_Nin"
"790","Nipal2","NIPAL2","NIPAL2_Nipal2"
"791","Nisch","NISCH","NISCH_Nisch"
"792","Nkapl","NKAPL","NKAPL_Nkapl"
"793","Nle1","NLE1","NLE1_Nle1"
"794","Nme4","NME4","NME4_Nme4"
"795","Nnmt","NNMT","NNMT_Nnmt"
"796","Nob1","NOB1","NOB1_Nob1"
"797","Noc4l","NOC4L","NOC4L_Noc4l"
"798","Nol7","NOL7","NOL7_Nol7"
"799","Nono","NONO","NONO_Nono"
"800","Nop14","NOP14","NOP14_Nop14"
"801","Nosip","NOSIP","NOSIP_Nosip"
"802","Notch1","NOTCH1","NOTCH1_Notch1"
"803","Notch3","NOTCH3","NOTCH3_Notch3"
"804","Npb","NPB","NPB_Npb"
"805","Npepl1","NPEPL1","NPEPL1_Npepl1"
"806","Nphp1","NPHP1","NPHP1_Nphp1"
"807","Npr2","NPR2","NPR2_Npr2"
"808","Nptx2","NPTX2","NPTX2_Nptx2"
"809","Npw","NPW","NPW_Npw"
"810","Nr1d1","NR1D1","NR1D1_Nr1d1"
"811","Nr2f1","NR2F1","NR2F1_Nr2f1"
"812","Nr4a2","NR4A2","NR4A2_Nr4a2"
"813","Nrep","NREP","NREP_Nrep"
"814","Nrip1","NRIP1","NRIP1_Nrip1"
"815","Nsmaf","NSMAF","NSMAF_Nsmaf"
"816","Nsmf","NSMF","NSMF_Nsmf"
"817","Nt5dc2","NT5DC2","NT5DC2_Nt5dc2"
"818","Nt5e","NT5E","NT5E_Nt5e"
"819","Nubp1","NUBP1","NUBP1_Nubp1"
"820","Nucks1","NUCKS1","NUCKS1_Nucks1"
"821","Nudt3","NUDT3","NUDT3_Nudt3"
"822","Numbl","NUMBL","NUMBL_Numbl"
"823","Nup160","NUP160","NUP160_Nup160"
"824","Nupr1","NUPR1","NUPR1_Nupr1"
"825","Nxpe3","NXPE3","NXPE3_Nxpe3"
"826","Oas2","OAS2","OAS2_Oas2"
"827","Oas3","OAS3","OAS3_Oas3"
"828","Ocrl","OCRL","OCRL_Ocrl"
"829","Odc1","ODC1","ODC1_Odc1"
"830","Ogfod1","OGFOD1","OGFOD1_Ogfod1"
"831","Ogfr","OGFR","OGFR_Ogfr"
"832","Opa3","OPA3","OPA3_Opa3"
"833","Osbp","OSBP","OSBP_Osbp"
"834","Osbpl1a","OSBPL1A","OSBPL1A_Osbpl1a"
"835","Osgin2","OSGIN2","OSGIN2_Osgin2"
"836","Ost4","OST4","OST4_Ost4"
"837","Oxld1","OXLD1","OXLD1_Oxld1"
"838","Pabpc4","PABPC4","PABPC4_Pabpc4"
"839","Pafah1b2","PAFAH1B2","PAFAH1B2_Pafah1b2"
"840","Palld","PALLD","PALLD_Palld"
"841","Pank3","PANK3","PANK3_Pank3"
"842","Paox","PAOX","PAOX_Paox"
"843","Paqr7","PAQR7","PAQR7_Paqr7"
"844","Parp6","PARP6","PARP6_Parp6"
"845","Paxbp1","PAXBP1","PAXBP1_Paxbp1"
"846","Pcbp1","PCBP1","PCBP1_Pcbp1"
"847","Pcgf5","PCGF5","PCGF5_Pcgf5"
"848","Pck2","PCK2","PCK2_Pck2"
"849","Pcnp","PCNP","PCNP_Pcnp"
"850","Pcolce","PCOLCE","PCOLCE_Pcolce"
"851","Pcyt2","PCYT2","PCYT2_Pcyt2"
"852","Pdap1","PDAP1","PDAP1_Pdap1"
"853","Pdcd2","PDCD2","PDCD2_Pdcd2"
"854","Pdcl","PDCL","PDCL_Pdcl"
"855","Pde12","PDE12","PDE12_Pde12"
"856","Pde4dip","PDE4DIP","PDE4DIP_Pde4dip"
"857","Pdgfd","PDGFD","PDGFD_Pdgfd"
"858","Pdhx","PDHX","PDHX_Pdhx"
"859","Pdia5","PDIA5","PDIA5_Pdia5"
"860","Pdia6","PDIA6","PDIA6_Pdia6"
"861","Pdlim7","PDLIM7","PDLIM7_Pdlim7"
"862","Pdxdc1","PDXDC1","PDXDC1_Pdxdc1"
"863","Pdxk","PDXK","PDXK_Pdxk"
"864","Pdzd8","PDZD8","PDZD8_Pdzd8"
"865","Pea15a","PEA15","PEA15_Pea15a"
"866","Peli1","PELI1","PELI1_Peli1"
"867","Per2","PER2","PER2_Per2"
"868","Pex10","PEX10","PEX10_Pex10"
"869","Pex7","PEX7","PEX7_Pex7"
"870","Pfdn4","PFDN4","PFDN4_Pfdn4"
"871","Pfkfb3","PFKFB3","PFKFB3_Pfkfb3"
"872","Pfn1","PFN1","PFN1_Pfn1"
"873","Pgam5","PGAM5","PGAM5_Pgam5"
"874","Pgls","PGLS","PGLS_Pgls"
"875","Pgrmc2","PGRMC2","PGRMC2_Pgrmc2"
"876","Phc1","PHC1","PHC1_Phc1"
"877","Phc2","PHC2","PHC2_Phc2"
"878","Phf10","PHF10","PHF10_Phf10"
"879","Phf19","PHF19","PHF19_Phf19"
"880","Phf20l1","PHF20L1","PHF20L1_Phf20l1"
"881","Phf23","PHF23","PHF23_Phf23"
"882","Phf8","PHF8","PHF8_Phf8"
"883","Phgdh","PHGDH","PHGDH_Phgdh"
"884","Pianp","PIANP","PIANP_Pianp"
"885","Pigt","PIGT","PIGT_Pigt"
"886","Pigx","PIGX","PIGX_Pigx"
"887","Pik3c2b","PIK3C2B","PIK3C2B_Pik3c2b"
"888","Pik3ca","PIK3CA","PIK3CA_Pik3ca"
"889","Pik3r2","PIK3R2","PIK3R2_Pik3r2"
"890","Pikfyve","PIKFYVE","PIKFYVE_Pikfyve"
"891","Pim3","PIM3","PIM3_Pim3"
"892","Pithd1","PITHD1","PITHD1_Pithd1"
"893","Pkig","PKIG","PKIG_Pkig"
"894","Pkm","PKM","PKM_Pkm"
"895","Pkn1","PKN1","PKN1_Pkn1"
"896","Plbd2","PLBD2","PLBD2_Plbd2"
"897","Plcb3","PLCB3","PLCB3_Plcb3"
"898","Plcl2","PLCL2","PLCL2_Plcl2"
"899","Plec","PLEC","PLEC_Plec"
"900","Plek2","PLEK2","PLEK2_Plek2"
"901","Plekha2","PLEKHA2","PLEKHA2_Plekha2"
"902","Plekha4","PLEKHA4","PLEKHA4_Plekha4"
"903","Plekhf2","PLEKHF2","PLEKHF2_Plekhf2"
"904","Plekhg2","PLEKHG2","PLEKHG2_Plekhg2"
"905","Plekhg5","PLEKHG5","PLEKHG5_Plekhg5"
"906","Plekho1","PLEKHO1","PLEKHO1_Plekho1"
"907","Plod2","PLOD2","PLOD2_Plod2"
"908","Plod3","PLOD3","PLOD3_Plod3"
"909","Plxnb2","PLXNB2","PLXNB2_Plxnb2"
"910","Pnkp","PNKP","PNKP_Pnkp"
"911","Pnpla2","PNPLA2","PNPLA2_Pnpla2"
"912","Pnpla6","PNPLA6","PNPLA6_Pnpla6"
"913","Pnpla8","PNPLA8","PNPLA8_Pnpla8"
"914","Podnl1","PODNL1","PODNL1_Podnl1"
"915","Pogk","POGK","POGK_Pogk"
"916","Pogz","POGZ","POGZ_Pogz"
"917","Pole4","POLE4","POLE4_Pole4"
"918","Polr1a","POLR1A","POLR1A_Polr1a"
"919","Polr2b","POLR2B","POLR2B_Polr2b"
"920","Polr2l","POLR2L","POLR2L_Polr2l"
"921","Polr3b","POLR3B","POLR3B_Polr3b"
"922","Polr3d","POLR3D","POLR3D_Polr3d"
"923","Pomgnt1","POMGNT1","POMGNT1_Pomgnt1"
"924","Pou6f1","POU6F1","POU6F1_Pou6f1"
"925","Ppara","PPARA","PPARA_Ppara"
"926","Ppard","PPARD","PPARD_Ppard"
"927","Ppfia1","PPFIA1","PPFIA1_Ppfia1"
"928","Ppig","PPIG","PPIG_Ppig"
"929","Ppp1ca","PPP1CA","PPP1CA_Ppp1ca"
"930","Ppp1r9b","PPP1R9B","PPP1R9B_Ppp1r9b"
"931","Ppp2ca","PPP2CA","PPP2CA_Ppp2ca"
"932","Ppp2r5a","PPP2R5A","PPP2R5A_Ppp2r5a"
"933","Ppp2r5c","PPP2R5C","PPP2R5C_Ppp2r5c"
"934","Ppp2r5d","PPP2R5D","PPP2R5D_Ppp2r5d"
"935","Ppp3ca","PPP3CA","PPP3CA_Ppp3ca"
"936","Ppp3cb","PPP3CB","PPP3CB_Ppp3cb"
"937","Ppp4c","PPP4C","PPP4C_Ppp4c"
"938","Ppp5c","PPP5C","PPP5C_Ppp5c"
"939","Ppp6r1","PPP6R1","PPP6R1_Ppp6r1"
"940","Pprc1","PPRC1","PPRC1_Pprc1"
"941","Prdm1","PRDM1","PRDM1_Prdm1"
"942","Prdm4","PRDM4","PRDM4_Prdm4"
"943","Prelid1","PRELID1","PRELID1_Prelid1"
"944","Prkaca","PRKACA","PRKACA_Prkaca"
"945","Prkar2a","PRKAR2A","PRKAR2A_Prkar2a"
"946","Prkci","PRKCI","PRKCI_Prkci"
"947","Prkrip1","PRKRIP1","PRKRIP1_Prkrip1"
"948","Proser1","PROSER1","PROSER1_Proser1"
"949","Prpf40b","PRPF40B","PRPF40B_Prpf40b"
"950","Prpf6","PRPF6","PRPF6_Prpf6"
"951","Prr3","PRR3","PRR3_Prr3"
"952","Prrc2a","PRRC2A","PRRC2A_Prrc2a"
"953","Prrt1","PRRT1","PRRT1_Prrt1"
"954","Prss12","PRSS12","PRSS12_Prss12"
"955","Psat1","PSAT1","PSAT1_Psat1"
"956","Psip1","PSIP1","PSIP1_Psip1"
"957","Psma7","PSMA7","PSMA7_Psma7"
"958","Psmb3","PSMB3","PSMB3_Psmb3"
"959","Psmb7","PSMB7","PSMB7_Psmb7"
"960","Psmd2","PSMD2","PSMD2_Psmd2"
"961","Psmd9","PSMD9","PSMD9_Psmd9"
"962","Psme1","PSME1","PSME1_Psme1"
"963","Psme4","PSME4","PSME4_Psme4"
"964","Psmg3","PSMG3","PSMG3_Psmg3"
"965","Pspc1","PSPC1","PSPC1_Pspc1"
"966","Psph","PSPH","PSPH_Psph"
"967","Ptch1","PTCH1","PTCH1_Ptch1"
"968","Pten","PTEN","PTEN_Pten"
"969","Ptgds","PTGDS","PTGDS_Ptgds"
"970","Ptges2","PTGES2","PTGES2_Ptges2"
"971","Ptp4a2","PTP4A2","PTP4A2_Ptp4a2"
"972","Ptpn11","PTPN11","PTPN11_Ptpn11"
"973","Ptpn12","PTPN12","PTPN12_Ptpn12"
"974","Ptpn18","PTPN18","PTPN18_Ptpn18"
"975","Ptprs","PTPRS","PTPRS_Ptprs"
"976","Ptpru","PTPRU","PTPRU_Ptpru"
"977","Ptrhd1","PTRHD1","PTRHD1_Ptrhd1"
"978","Pura","PURA","PURA_Pura"
"979","Pycr1","PYCR1","PYCR1_Pycr1"
"980","Pygo2","PYGO2","PYGO2_Pygo2"
"981","Qdpr","QDPR","QDPR_Qdpr"
"982","Qk","QKI","QKI_Qk"
"983","Qtrt1","QTRT1","QTRT1_Qtrt1"
"984","Rab21","RAB21","RAB21_Rab21"
"985","Rab22a","RAB22A","RAB22A_Rab22a"
"986","Rab31","RAB31","RAB31_Rab31"
"987","Rab40b","RAB40B","RAB40B_Rab40b"
"988","Rab40c","RAB40C","RAB40C_Rab40c"
"989","Rab4a","RAB4A","RAB4A_Rab4a"
"990","Rab5a","RAB5A","RAB5A_Rab5a"
"991","Rabep2","RABEP2","RABEP2_Rabep2"
"992","Rabl6","RABL6","RABL6_Rabl6"
"993","Rac1","RAC1","RAC1_Rac1"
"994","Rad21","RAD21","RAD21_Rad21"
"995","Rad23a","RAD23A","RAD23A_Rad23a"
"996","Rad23b","RAD23B","RAD23B_Rad23b"
"997","Rad50","RAD50","RAD50_Rad50"
"998","Rad51d","RAD51D","RAD51D_Rad51d"
"999","Raf1","RAF1","RAF1_Raf1"
"1000","Rai14","RAI14","RAI14_Rai14"
"1001","Ralb","RALB","RALB_Ralb"
"1002","Ralbp1","RALBP1","RALBP1_Ralbp1"
"1003","Ralgds","RALGDS","RALGDS_Ralgds"
"1004","Rap1a","RAP1A","RAP1A_Rap1a"
"1005","Rap1b","RAP1B","RAP1B_Rap1b"
"1006","Rap2c","RAP2C","RAP2C_Rap2c"
"1007","Rapgef1","RAPGEF1","RAPGEF1_Rapgef1"
"1008","Rapgef2","RAPGEF2","RAPGEF2_Rapgef2"
"1009","Rara","RARA","RARA_Rara"
"1010","Rarg","RARG","RARG_Rarg"
"1011","Rasl10b","RASL10B","RASL10B_Rasl10b"
"1012","Rasl11a","RASL11A","RASL11A_Rasl11a"
"1013","Raver2","RAVER2","RAVER2_Raver2"
"1014","Rbbp9","RBBP9","RBBP9_Rbbp9"
"1015","Rbm3","RBM3","RBM3_Rbm3"
"1016","Rbm7","RBM7","RBM7_Rbm7"
"1017","Rbmx2","RBMX2","RBMX2_Rbmx2"
"1018","Rcan3","RCAN3","RCAN3_Rcan3"
"1019","Rcc2","RCC2","RCC2_Rcc2"
"1020","Rccd1","RCCD1","RCCD1_Rccd1"
"1021","Rcn1","RCN1","RCN1_Rcn1"
"1022","Rcn2","RCN2","RCN2_Rcn2"
"1023","Rdh14","RDH14","RDH14_Rdh14"
"1024","Rela","RELA","RELA_Rela"
"1025","Repin1","REPIN1","REPIN1_Repin1"
"1026","Rest","REST","REST_Rest"
"1027","Rev1","REV1","REV1_Rev1"
"1028","Rexo4","REXO4","REXO4_Rexo4"
"1029","Rffl","RFFL","RFFL_Rffl"
"1030","Rfx3","RFX3","RFX3_Rfx3"
"1031","Rgl2","RGL2","RGL2_Rgl2"
"1032","Rhbdd2","RHBDD2","RHBDD2_Rhbdd2"
"1033","Rhoa","RHOA","RHOA_Rhoa"
"1034","Rhobtb1","RHOBTB1","RHOBTB1_Rhobtb1"
"1035","Rhoc","RHOC","RHOC_Rhoc"
"1036","Rhog","RHOG","RHOG_Rhog"
"1037","Rhoq","RHOQ","RHOQ_Rhoq"
"1038","Rhot1","RHOT1","RHOT1_Rhot1"
"1039","Ring1","RING1","RING1_Ring1"
"1040","Ripk1","RIPK1","RIPK1_Ripk1"
"1041","Rnd2","RND2","RND2_Rnd2"
"1042","Rnf103","RNF103","RNF103_Rnf103"
"1043","Rnf11","RNF11","RNF11_Rnf11"
"1044","Rnf115","RNF115","RNF115_Rnf115"
"1045","Rnf126","RNF126","RNF126_Rnf126"
"1046","Rnf13","RNF13","RNF13_Rnf13"
"1047","Rnf130","RNF130","RNF130_Rnf130"
"1048","Rnf139","RNF139","RNF139_Rnf139"
"1049","Rnf145","RNF145","RNF145_Rnf145"
"1050","Rnf146","RNF146","RNF146_Rnf146"
"1051","Rnf166","RNF166","RNF166_Rnf166"
"1052","Rnf167","RNF167","RNF167_Rnf167"
"1053","Rnf208","RNF208","RNF208_Rnf208"
"1054","Rnf31","RNF31","RNF31_Rnf31"
"1055","Rnf38","RNF38","RNF38_Rnf38"
"1056","Rnpepl1","RNPEPL1","RNPEPL1_Rnpepl1"
"1057","Rnps1","RNPS1","RNPS1_Rnps1"
"1058","Rogdi","ROGDI","ROGDI_Rogdi"
"1059","Rp9","RP9","RP9_Rp9"
"1060","Rpa2","RPA2","RPA2_Rpa2"
"1061","Rpgr","RPGR","RPGR_Rpgr"
"1062","Rpl22","RPL22","RPL22_Rpl22"
"1063","Rpl28","RPL28","RPL28_Rpl28"
"1064","Rpl32","RPL32","RPL32_Rpl32"
"1065","Rpl35a","RPL35A","RPL35A_Rpl35a"
"1066","Rpl37","RPL37","RPL37_Rpl37"
"1067","Rpl37a","RPL37A","RPL37A_Rpl37a"
"1068","Rpl38","RPL38","RPL38_Rpl38"
"1069","Rplp2","RPLP2","RPLP2_Rplp2"
"1070","Rpp21","RPP21","RPP21_Rpp21"
"1071","Rps14","RPS14","RPS14_Rps14"
"1072","Rps15a","RPS15A","RPS15A_Rps15a"
"1073","Rps19bp1","RPS19BP1","RPS19BP1_Rps19bp1"
"1074","Rps21","RPS21","RPS21_Rps21"
"1075","Rps23","RPS23","RPS23_Rps23"
"1076","Rps27","RPS27","RPS27_Rps27"
"1077","Rps3","RPS3","RPS3_Rps3"
"1078","Rps5","RPS5","RPS5_Rps5"
"1079","Rps6ka2","RPS6KA2","RPS6KA2_Rps6ka2"
"1080","Rps6ka3","RPS6KA3","RPS6KA3_Rps6ka3"
"1081","Rps7","RPS7","RPS7_Rps7"
"1082","Rragc","RRAGC","RRAGC_Rragc"
"1083","Rras2","RRAS2","RRAS2_Rras2"
"1084","Rreb1","RREB1","RREB1_Rreb1"
"1085","Rrnad1","RRNAD1","RRNAD1_Rrnad1"
"1086","Rrp1b","RRP1B","RRP1B_Rrp1b"
"1087","Rrp36","RRP36","RRP36_Rrp36"
"1088","Rsl24d1","RSL24D1","RSL24D1_Rsl24d1"
"1089","Rtf1","RTF1","RTF1_Rtf1"
"1090","Rtn2","RTN2","RTN2_Rtn2"
"1091","Rtn4","RTN4","RTN4_Rtn4"
"1092","Rusc1","RUSC1","RUSC1_Rusc1"
"1093","Rxrb","RXRB","RXRB_Rxrb"
"1094","Sae1","SAE1","SAE1_Sae1"
"1095","Sall2","SALL2","SALL2_Sall2"
"1096","Samd10","SAMD10","SAMD10_Samd10"
"1097","Samd4b","SAMD4B","SAMD4B_Samd4b"
"1098","Samd8","SAMD8","SAMD8_Samd8"
"1099","Sap30","SAP30","SAP30_Sap30"
"1100","Sarnp","SARNP","SARNP_Sarnp"
"1101","Sart3","SART3","SART3_Sart3"
"1102","Sash1","SASH1","SASH1_Sash1"
"1103","Sav1","SAV1","SAV1_Sav1"
"1104","Sbno2","SBNO2","SBNO2_Sbno2"
"1105","Scaf8","SCAF8","SCAF8_Scaf8"
"1106","Scarb1","SCARB1","SCARB1_Scarb1"
"1107","Scarb2","SCARB2","SCARB2_Scarb2"
"1108","Scly","SCLY","SCLY_Scly"
"1109","Scn1b","SCN1B","SCN1B_Scn1b"
"1110","Scube2","SCUBE2","SCUBE2_Scube2"
"1111","Sdc1","SDC1","SDC1_Sdc1"
"1112","Sdc2","SDC2","SDC2_Sdc2"
"1113","Sdf2","SDF2","SDF2_Sdf2"
"1114","Sdhaf2","SDHAF2","SDHAF2_Sdhaf2"
"1115","Sec13","SEC13","SEC13_Sec13"
"1116","Sec24d","SEC24D","SEC24D_Sec24d"
"1117","Sec63","SEC63","SEC63_Sec63"
"1118","Sel1l3","SEL1L3","SEL1L3_Sel1l3"
"1119","Sema4b","SEMA4B","SEMA4B_Sema4b"
"1120","Sema4c","SEMA4C","SEMA4C_Sema4c"
"1121","Sema4f","SEMA4F","SEMA4F_Sema4f"
"1122","Sephs1","SEPHS1","SEPHS1_Sephs1"
"1123","Serp2","SERP2","SERP2_Serp2"
"1124","Serpine1","SERPINE1","SERPINE1_Serpine1"
"1125","Serpinf1","SERPINF1","SERPINF1_Serpinf1"
"1126","Serping1","SERPING1","SERPING1_Serping1"
"1127","Setd1b","SETD1B","SETD1B_Setd1b"
"1128","Setd2","SETD2","SETD2_Setd2"
"1129","Setd4","SETD4","SETD4_Setd4"
"1130","Setdb2","SETDB2","SETDB2_Setdb2"
"1131","Sf3a2","SF3A2","SF3A2_Sf3a2"
"1132","Sf3b2","SF3B2","SF3B2_Sf3b2"
"1133","Sgms2","SGMS2","SGMS2_Sgms2"
"1134","Sgpl1","SGPL1","SGPL1_Sgpl1"
"1135","Sgpp1","SGPP1","SGPP1_Sgpp1"
"1136","Sh3bp2","SH3BP2","SH3BP2_Sh3bp2"
"1137","Sh3bp4","SH3BP4","SH3BP4_Sh3bp4"
"1138","Sh3gl1","SH3GL1","SH3GL1_Sh3gl1"
"1139","Sh3pxd2b","SH3PXD2B","SH3PXD2B_Sh3pxd2b"
"1140","Sh3rf1","SH3RF1","SH3RF1_Sh3rf1"
"1141","Sh3tc1","SH3TC1","SH3TC1_Sh3tc1"
"1142","Sharpin","SHARPIN","SHARPIN_Sharpin"
"1143","Shisa4","SHISA4","SHISA4_Shisa4"
"1144","Shkbp1","SHKBP1","SHKBP1_Shkbp1"
"1145","Shmt2","SHMT2","SHMT2_Shmt2"
"1146","Shroom1","SHROOM1","SHROOM1_Shroom1"
"1147","Siah2","SIAH2","SIAH2_Siah2"
"1148","Sigirr","SIGIRR","SIGIRR_Sigirr"
"1149","Sigmar1","SIGMAR1","SIGMAR1_Sigmar1"
"1150","Sike1","SIKE1","SIKE1_Sike1"
"1151","Sin3b","SIN3B","SIN3B_Sin3b"
"1152","Sipa1","SIPA1","SIPA1_Sipa1"
"1153","Sirt1","SIRT1","SIRT1_Sirt1"
"1154","Six4","SIX4","SIX4_Six4"
"1155","Skil","SKIL","SKIL_Skil"
"1156","Slc10a3","SLC10A3","SLC10A3_Slc10a3"
"1157","Slc12a7","SLC12A7","SLC12A7_Slc12a7"
"1158","Slc25a15","SLC25A15","SLC25A15_Slc25a15"
"1159","Slc25a21","SLC25A21","SLC25A21_Slc25a21"
"1160","Slc25a33","SLC25A33","SLC25A33_Slc25a33"
"1161","Slc25a37","SLC25A37","SLC25A37_Slc25a37"
"1162","Slc27a3","SLC27A3","SLC27A3_Slc27a3"
"1163","Slc35d1","SLC35D1","SLC35D1_Slc35d1"
"1164","Slc35d2","SLC35D2","SLC35D2_Slc35d2"
"1165","Slc35g1","SLC35G1","SLC35G1_Slc35g1"
"1166","Slc36a4","SLC36A4","SLC36A4_Slc36a4"
"1167","Slc38a6","SLC38A6","SLC38A6_Slc38a6"
"1168","Slc44a2","SLC44A2","SLC44A2_Slc44a2"
"1169","Slc4a2","SLC4A2","SLC4A2_Slc4a2"
"1170","Slc4a3","SLC4A3","SLC4A3_Slc4a3"
"1171","Slc7a5","SLC7A5","SLC7A5_Slc7a5"
"1172","Slc9a1","SLC9A1","SLC9A1_Slc9a1"
"1173","Slc9a3r2","SLC9A3R2","SLC9A3R2_Slc9a3r2"
"1174","Slirp","SLIRP","SLIRP_Slirp"
"1175","Slk","SLK","SLK_Slk"
"1176","Smad4","SMAD4","SMAD4_Smad4"
"1177","Smarca4","SMARCA4","SMARCA4_Smarca4"
"1178","Smarcad1","SMARCAD1","SMARCAD1_Smarcad1"
"1179","Smarcd1","SMARCD1","SMARCD1_Smarcd1"
"1180","Smarcd2","SMARCD2","SMARCD2_Smarcd2"
"1181","Smarcd3","SMARCD3","SMARCD3_Smarcd3"
"1182","Smdt1","SMDT1","SMDT1_Smdt1"
"1183","Smg5","SMG5","SMG5_Smg5"
"1184","Smg7","SMG7","SMG7_Smg7"
"1185","Smim14","SMIM14","SMIM14_Smim14"
"1186","Smox","SMOX","SMOX_Smox"
"1187","Smpd1","SMPD1","SMPD1_Smpd1"
"1188","Smurf1","SMURF1","SMURF1_Smurf1"
"1189","Smurf2","SMURF2","SMURF2_Smurf2"
"1190","Snap29","SNAP29","SNAP29_Snap29"
"1191","Snapc4","SNAPC4","SNAPC4_Snapc4"
"1192","Snf8","SNF8","SNF8_Snf8"
"1193","Rnu3a","SNORD3D","SNORD3D_Rnu3a"
"1194","Snrnp25","SNRNP25","SNRNP25_Snrnp25"
"1195","Snrnp70","SNRNP70","SNRNP70_Snrnp70"
"1196","Snrpe","SNRPE","SNRPE_Snrpe"
"1197","Snx14","SNX14","SNX14_Snx14"
"1198","Snx21","SNX21","SNX21_Snx21"
"1199","Snx27","SNX27","SNX27_Snx27"
"1200","Snx3","SNX3","SNX3_Snx3"
"1201","Snx30","SNX30","SNX30_Snx30"
"1202","Snx7","SNX7","SNX7_Snx7"
"1203","Snx9","SNX9","SNX9_Snx9"
"1204","Socs3","SOCS3","SOCS3_Socs3"
"1205","Socs6","SOCS6","SOCS6_Socs6"
"1206","Sorbs3","SORBS3","SORBS3_Sorbs3"
"1207","Sox12","SOX12","SOX12_Sox12"
"1208","Sp2","SP2","SP2_Sp2"
"1209","Sparc","SPARC","SPARC_Sparc"
"1210","Spata2l","SPATA2L","SPATA2L_Spata2l"
"1211","Spats2","SPATS2","SPATS2_Spats2"
"1212","Spen","SPEN","SPEN_Spen"
"1213","Spg21","SPG21","SPG21_Spg21"
"1214","Spin1","SPIN1","SPIN1_Spin1"
"1215","Sppl2a","SPPL2A","SPPL2A_Sppl2a"
"1216","Spred2","SPRED2","SPRED2_Spred2"
"1217","Srd5a3","SRD5A3","SRD5A3_Srd5a3"
"1218","Srebf1","SREBF1","SREBF1_Srebf1"
"1219","Srek1ip1","SREK1IP1","SREK1IP1_Srek1ip1"
"1220","Srm","SRM","SRM_Srm"
"1221","Srp14","SRP14","SRP14_Srp14"
"1222","Srp68","SRP68","SRP68_Srp68"
"1223","Srrd","SRRD","SRRD_Srrd"
"1224","Srrm2","SRRM2","SRRM2_Srrm2"
"1225","Srsf9","SRSF9","SRSF9_Srsf9"
"1226","Srxn1","SRXN1","SRXN1_Srxn1"
"1227","Ssbp3","SSBP3","SSBP3_Ssbp3"
"1228","Ssbp4","SSBP4","SSBP4_Ssbp4"
"1229","Ssh1","SSH1","SSH1_Ssh1"
"1230","Ssr2","SSR2","SSR2_Ssr2"
"1231","Ssu72","SSU72","SSU72_Ssu72"
"1232","St6galnac6","ST6GALNAC6","ST6GALNAC6_St6galnac6"
"1233","Stard3nl","STARD3NL","STARD3NL_Stard3nl"
"1234","Steap2","STEAP2","STEAP2_Steap2"
"1235","Stim2","STIM2","STIM2_Stim2"
"1236","Stk10","STK10","STK10_Stk10"
"1237","Stk38l","STK38L","STK38L_Stk38l"
"1238","Stoml2","STOML2","STOML2_Stoml2"
"1239","Strip1","STRIP1","STRIP1_Strip1"
"1240","Strn","STRN","STRN_Strn"
"1241","Strn4","STRN4","STRN4_Strn4"
"1242","Stt3a","STT3A","STT3A_Stt3a"
"1243","Stt3b","STT3B","STT3B_Stt3b"
"1244","Stx2","STX2","STX2_Stx2"
"1245","Stx6","STX6","STX6_Stx6"
"1246","Suds3","SUDS3","SUDS3_Suds3"
"1247","Sumo2","SUMO2","SUMO2_Sumo2"
"1248","Surf1","SURF1","SURF1_Surf1"
"1249","Surf4","SURF4","SURF4_Surf4"
"1250","Susd1","SUSD1","SUSD1_Susd1"
"1251","Syf2","SYF2","SYF2_Syf2"
"1252","Syncrip","SYNCRIP","SYNCRIP_Syncrip"
"1253","Synj2","SYNJ2","SYNJ2_Synj2"
"1254","Synpo","SYNPO","SYNPO_Synpo"
"1255","Synrg","SYNRG","SYNRG_Synrg"
"1256","Tab2","TAB2","TAB2_Tab2"
"1257","Tab3","TAB3","TAB3_Tab3"
"1258","Tacc1","TACC1","TACC1_Tacc1"
"1259","Tacr1","TACR1","TACR1_Tacr1"
"1260","Taf10","TAF10","TAF10_Taf10"
"1261","Taf9b","TAF9B","TAF9B_Taf9b"
"1262","Tapt1","TAPT1","TAPT1_Tapt1"
"1263","Tarbp2","TARBP2","TARBP2_Tarbp2"
"1264","Tbc1d10a","TBC1D10A","TBC1D10A_Tbc1d10a"
"1265","Tbc1d10b","TBC1D10B","TBC1D10B_Tbc1d10b"
"1266","Tbc1d13","TBC1D13","TBC1D13_Tbc1d13"
"1267","Tbc1d14","TBC1D14","TBC1D14_Tbc1d14"
"1268","Tbc1d20","TBC1D20","TBC1D20_Tbc1d20"
"1269","Tbc1d25","TBC1D25","TBC1D25_Tbc1d25"
"1270","Tbc1d2b","TBC1D2B","TBC1D2B_Tbc1d2b"
"1271","Tbl2","TBL2","TBL2_Tbl2"
"1272","Tbx2","TBX2","TBX2_Tbx2"
"1273","Tcf4","TCF4","TCF4_Tcf4"
"1274","Tead2","TEAD2","TEAD2_Tead2"
"1275","Tead3","TEAD3","TEAD3_Tead3"
"1276","Tead4","TEAD4","TEAD4_Tead4"
"1277","Tecr","TECR","TECR_Tecr"
"1278","Terf2","TERF2","TERF2_Terf2"
"1279","Tex29","TEX29","TEX29_Tex29"
"1280","Tfe3","TFE3","TFE3_Tfe3"
"1281","Tfeb","TFEB","TFEB_Tfeb"
"1282","Tfrc","TFRC","TFRC_Tfrc"
"1283","Tgfb1","TGFB1","TGFB1_Tgfb1"
"1284","Tgfbr1","TGFBR1","TGFBR1_Tgfbr1"
"1285","Tgfbr2","TGFBR2","TGFBR2_Tgfbr2"
"1286","Tgfbrap1","TGFBRAP1","TGFBRAP1_Tgfbrap1"
"1287","Tgoln1","TGOLN2","TGOLN2_Tgoln1"
"1288","Thap11","THAP11","THAP11_Thap11"
"1289","Thap4","THAP4","THAP4_Thap4"
"1290","Timm17a","TIMM17A","TIMM17A_Timm17a"
"1291","Timp2","TIMP2","TIMP2_Timp2"
"1292","Tjp1","TJP1","TJP1_Tjp1"
"1293","Tln1","TLN1","TLN1_Tln1"
"1294","Tm7sf3","TM7SF3","TM7SF3_Tm7sf3"
"1295","Tm9sf3","TM9SF3","TM9SF3_Tm9sf3"
"1296","Tmbim1","TMBIM1","TMBIM1_Tmbim1"
"1297","Tmed2","TMED2","TMED2_Tmed2"
"1298","Tmem123","TMEM123","TMEM123_Tmem123"
"1299","Tmem132a","TMEM132A","TMEM132A_Tmem132a"
"1300","Tmem161b","TMEM161B","TMEM161B_Tmem161b"
"1301","Tmem183a","TMEM183A","TMEM183A_Tmem183a"
"1302","Tmem184b","TMEM184B","TMEM184B_Tmem184b"
"1303","Tmem185a","TMEM185A","TMEM185A_Tmem185a"
"1304","Tmem214","TMEM214","TMEM214_Tmem214"
"1305","Tmem238","TMEM238","TMEM238_Tmem238"
"1306","Tmem248","TMEM248","TMEM248_Tmem248"
"1307","Tmem251","TMEM251","TMEM251_Tmem251"
"1308","Tmem258","TMEM258","TMEM258_Tmem258"
"1309","Tmem259","TMEM259","TMEM259_Tmem259"
"1310","Tmem54","TMEM54","TMEM54_Tmem54"
"1311","Tmem64","TMEM64","TMEM64_Tmem64"
"1312","Tmub1","TMUB1","TMUB1_Tmub1"
"1313","Tnfsf12","TNFSF12","TNFSF12_Tnfsf12"
"1314","Tnik","TNIK","TNIK_Tnik"
"1315","Tnip2","TNIP2","TNIP2_Tnip2"
"1316","Tnks1bp1","TNKS1BP1","TNKS1BP1_Tnks1bp1"
"1317","Tnks2","TNKS2","TNKS2_Tnks2"
"1318","Tnpo2","TNPO2","TNPO2_Tnpo2"
"1319","Tnrc6a","TNRC6A","TNRC6A_Tnrc6a"
"1320","Tns3","TNS3","TNS3_Tns3"
"1321","Tollip","TOLLIP","TOLLIP_Tollip"
"1322","Tomm22","TOMM22","TOMM22_Tomm22"
"1323","Tomm7","TOMM7","TOMM7_Tomm7"
"1324","Top1mt","TOP1MT","TOP1MT_Top1mt"
"1325","Top3a","TOP3A","TOP3A_Top3a"
"1326","Tox2","TOX2","TOX2_Tox2"
"1327","Trp53bp2","TP53BP2","TP53BP2_Trp53bp2"
"1328","Trp53i11","TP53I11","TP53I11_Trp53i11"
"1329","Tpcn1","TPCN1","TPCN1_Tpcn1"
"1330","Tpgs1","TPGS1","TPGS1_Tpgs1"
"1331","Tpm1","TPM1","TPM1_Tpm1"
"1332","Tpm2","TPM2","TPM2_Tpm2"
"1333","Tpm4","TPM4","TPM4_Tpm4"
"1334","Tra2a","TRA2A","TRA2A_Tra2a"
"1335","Trak2","TRAK2","TRAK2_Trak2"
"1336","Tram1","TRAM1","TRAM1_Tram1"
"1337","Tram2","TRAM2","TRAM2_Tram2"
"1338","Trim3","TRIM3","TRIM3_Trim3"
"1339","Trim36","TRIM36","TRIM36_Trim36"
"1340","Trim8","TRIM8","TRIM8_Trim8"
"1341","Trip12","TRIP12","TRIP12_Trip12"
"1342","Trip13","TRIP13","TRIP13_Trip13"
"1343","Trmu","TRMU","TRMU_Trmu"
"1344","Trnt1","TRNT1","TRNT1_Trnt1"
"1345","Trpc4ap","TRPC4AP","TRPC4AP_Trpc4ap"
"1346","Trpv4","TRPV4","TRPV4_Trpv4"
"1347","Tsc22d2","TSC22D2","TSC22D2_Tsc22d2"
"1348","Tsen34","TSEN34","TSEN34_Tsen34"
"1349","Tshz3","TSHZ3","TSHZ3_Tshz3"
"1350","Tsku","TSKU","TSKU_Tsku"
"1351","Tspan17","TSPAN17","TSPAN17_Tspan17"
"1352","Tspan3","TSPAN3","TSPAN3_Tspan3"
"1353","Tspan4","TSPAN4","TSPAN4_Tspan4"
"1354","Tspo","TSPO","TSPO_Tspo"
"1355","Tsr3","TSR3","TSR3_Tsr3"
"1356","Ttc7","TTC7A","TTC7A_Ttc7"
"1357","Ttl","TTL","TTL_Ttl"
"1358","Tuba1a","TUBA1A","TUBA1A_Tuba1a"
"1359","Gm49450","TUBA1C","TUBA1C_Gm49450"
"1360","Tubb5","TUBB","TUBB_Tubb5"
"1361","Tubb6","TUBB6","TUBB6_Tubb6"
"1362","Tubgcp3","TUBGCP3","TUBGCP3_Tubgcp3"
"1363","Tulp3","TULP3","TULP3_Tulp3"
"1364","Tulp4","TULP4","TULP4_Tulp4"
"1365","Twist1","TWIST1","TWIST1_Twist1"
"1366","Twsg1","TWSG1","TWSG1_Twsg1"
"1367","Txlnb","TXLNB","TXLNB_Txlnb"
"1368","Txlng","TXLNG","TXLNG_Txlng"
"1369","Txndc12","TXNDC12","TXNDC12_Txndc12"
"1370","Txndc5","TXNDC5","TXNDC5_Txndc5"
"1371","Txnl4a","TXNL4A","TXNL4A_Txnl4a"
"1372","Uap1","UAP1","UAP1_Uap1"
"1373","Ubac1","UBAC1","UBAC1_Ubac1"
"1374","Ubald1","UBALD1","UBALD1_Ubald1"
"1375","Ubald2","UBALD2","UBALD2_Ubald2"
"1376","Ubap2l","UBAP2L","UBAP2L_Ubap2l"
"1377","Ubc","UBC","UBC_Ubc"
"1378","Ube2d1","UBE2D1","UBE2D1_Ube2d1"
"1379","Ube2d3","UBE2D3","UBE2D3_Ube2d3"
"1380","Ube2e3","UBE2E3","UBE2E3_Ube2e3"
"1381","Ube2g1","UBE2G1","UBE2G1_Ube2g1"
"1382","Ube2g2","UBE2G2","UBE2G2_Ube2g2"
"1383","Ube2j1","UBE2J1","UBE2J1_Ube2j1"
"1384","Ube2s","UBE2S","UBE2S_Ube2s"
"1385","Ube2v2","UBE2V2","UBE2V2_Ube2v2"
"1386","Ube2z","UBE2Z","UBE2Z_Ube2z"
"1387","Ubn1","UBN1","UBN1_Ubn1"
"1388","Ubp1","UBP1","UBP1_Ubp1"
"1389","Ubqln4","UBQLN4","UBQLN4_Ubqln4"
"1390","Ubr3","UBR3","UBR3_Ubr3"
"1391","Ubr4","UBR4","UBR4_Ubr4"
"1392","Ubtf","UBTF","UBTF_Ubtf"
"1393","Ubxn6","UBXN6","UBXN6_Ubxn6"
"1394","Uhrf1bp1","UHRF1BP1","UHRF1BP1_Uhrf1bp1"
"1395","Ulk1","ULK1","ULK1_Ulk1"
"1396","Ulk3","ULK3","ULK3_Ulk3"
"1397","Unc119b","UNC119B","UNC119B_Unc119b"
"1398","Unc93b1","UNC93B1","UNC93B1_Unc93b1"
"1399","Uprt","UPRT","UPRT_Uprt"
"1400","Uqcrb","UQCRB","UQCRB_Uqcrb"
"1401","Uros","UROS","UROS_Uros"
"1402","Usp12","USP12","USP12_Usp12"
"1403","Usp21","USP21","USP21_Usp21"
"1404","Usp25","USP25","USP25_Usp25"
"1405","Usp42","USP42","USP42_Usp42"
"1406","Uvssa","UVSSA","UVSSA_Uvssa"
"1407","Vegfa","VEGFA","VEGFA_Vegfa"
"1408","Vegfb","VEGFB","VEGFB_Vegfb"
"1409","Vhl","VHL","VHL_Vhl"
"1410","Vkorc1l1","VKORC1L1","VKORC1L1_Vkorc1l1"
"1411","Vps54","VPS54","VPS54_Vps54"
"1412","Wac","WAC","WAC_Wac"
"1413","Wasf1","WASF1","WASF1_Wasf1"
"1414","Wbp1","WBP1","WBP1_Wbp1"
"1415","Wdfy1","WDFY1","WDFY1_Wdfy1"
"1416","Wdr12","WDR12","WDR12_Wdr12"
"1417","Wdr26","WDR26","WDR26_Wdr26"
"1418","Wdr4","WDR4","WDR4_Wdr4"
"1419","Wdr5","WDR5","WDR5_Wdr5"
"1420","Wdr59","WDR59","WDR59_Wdr59"
"1421","Wdr6","WDR6","WDR6_Wdr6"
"1422","Wdr83os","WDR83OS","WDR83OS_Wdr83os"
"1423","Wiz","WIZ","WIZ_Wiz"
"1424","Wnt2","WNT2","WNT2_Wnt2"
"1425","Wnt5b","WNT5B","WNT5B_Wnt5b"
"1426","Wsb2","WSB2","WSB2_Wsb2"
"1427","Wtap","WTAP","WTAP_Wtap"
"1428","Wwp1","WWP1","WWP1_Wwp1"
"1429","Xbp1","XBP1","XBP1_Xbp1"
"1430","Xpo7","XPO7","XPO7_Xpo7"
"1431","Xpot","XPOT","XPOT_Xpot"
"1432","Ybx3","YBX3","YBX3_Ybx3"
"1433","Yeats2","YEATS2","YEATS2_Yeats2"
"1434","Yes1","YES1","YES1_Yes1"
"1435","Ykt6","YKT6","YKT6_Ykt6"
"1436","Yme1l1","YME1L1","YME1L1_Yme1l1"
"1437","Ypel2","YPEL2","YPEL2_Ypel2"
"1438","Ythdf1","YTHDF1","YTHDF1_Ythdf1"
"1439","Ywhaq","YWHAQ","YWHAQ_Ywhaq"
"1440","Zbed4","ZBED4","ZBED4_Zbed4"
"1441","Zbtb12","ZBTB12","ZBTB12_Zbtb12"
"1442","Zbtb24","ZBTB24","ZBTB24_Zbtb24"
"1443","Zbtb33","ZBTB33","ZBTB33_Zbtb33"
"1444","Zbtb4","ZBTB4","ZBTB4_Zbtb4"
"1445","Zbtb42","ZBTB42","ZBTB42_Zbtb42"
"1446","Zbtb5","ZBTB5","ZBTB5_Zbtb5"
"1447","Zbtb7a","ZBTB7A","ZBTB7A_Zbtb7a"
"1448","Zc2hc1c","ZC2HC1C","ZC2HC1C_Zc2hc1c"
"1449","Zc3h3","ZC3H3","ZC3H3_Zc3h3"
"1450","Zcchc24","ZCCHC24","ZCCHC24_Zcchc24"
"1451","Zcchc3","ZCCHC3","ZCCHC3_Zcchc3"
"1452","Zcchc9","ZCCHC9","ZCCHC9_Zcchc9"
"1453","Zdbf2","ZDBF2","ZDBF2_Zdbf2"
"1454","Zdhhc1","ZDHHC1","ZDHHC1_Zdhhc1"
"1455","Zdhhc16","ZDHHC16","ZDHHC16_Zdhhc16"
"1456","Zdhhc18","ZDHHC18","ZDHHC18_Zdhhc18"
"1457","Zdhhc2","ZDHHC2","ZDHHC2_Zdhhc2"
"1458","Zdhhc24","ZDHHC24","ZDHHC24_Zdhhc24"
"1459","Zfand2b","ZFAND2B","ZFAND2B_Zfand2b"
"1460","Zfand4","ZFAND4","ZFAND4_Zfand4"
"1461","Zfand6","ZFAND6","ZFAND6_Zfand6"
"1462","Zfp64","ZFP64","ZFP64_Zfp64"
"1463","Zfp92","ZFP92","ZFP92_Zfp92"
"1464","Zmynd11","ZMYND11","ZMYND11_Zmynd11"
"1465","Zfp12","ZNF12","ZNF12_Zfp12"
"1466","Zfp143","ZNF143","ZNF143_Zfp143"
"1467","Zfp146","ZNF146","ZNF146_Zfp146"
"1468","Zfp174","ZNF174","ZNF174_Zfp174"
"1469","Zfp212","ZNF212","ZNF212_Zfp212"
"1470","Zfp326","ZNF326","ZNF326_Zfp326"
"1471","Zfp335","ZNF335","ZNF335_Zfp335"
"1472","Zfp11","ZNF345","ZNF345_Zfp11"
"1473","Zfp354a","ZNF354A","ZNF354A_Zfp354a"
"1474","Zfp362","ZNF362","ZNF362_Zfp362"
"1475","Zfp414","ZNF414","ZNF414_Zfp414"
"1476","Zfp451","ZNF451","ZNF451_Zfp451"
"1477","Zfp469","ZNF469","ZNF469_Zfp469"
"1478","Zfp553","ZNF48","ZNF48_Zfp553"
"1479","Zfp819","ZNF510","ZNF510_Zfp819"
"1480","Zfp512b","ZNF512B","ZNF512B_Zfp512b"
"1481","Zfp513","ZNF513","ZNF513_Zfp513"
"1482","Zfp574","ZNF574","ZNF574_Zfp574"
"1483","Zfp579","ZNF579","ZNF579_Zfp579"
"1484","Zfp592","ZNF592","ZNF592_Zfp592"
"1485","Zfp598","ZNF598","ZNF598_Zfp598"
"1486","Zfp639","ZNF639","ZNF639_Zfp639"
"1487","Zfp653","ZNF653","ZNF653_Zfp653"
"1488","Zfp664","ZNF664","ZNF664_Zfp664"
"1489","Zfp697","ZNF697","ZNF697_Zfp697"
"1490","Zfp703","ZNF703","ZNF703_Zfp703"
"1491","Zfp706","ZNF706","ZNF706_Zfp706"
"1492","Zfp740","ZNF740","ZNF740_Zfp740"
"1493","Zfp768","ZNF768","ZNF768_Zfp768"
"1494","Zfp128","ZNF8","ZNF8_Zfp128"
"1495","Zfp619","ZNF850","ZNF850_Zfp619"
"1496","Zfp865","ZNF865","ZNF865_Zfp865"
"1497","Zyx","ZYX","ZYX_Zyx"
